Column1,idnum,state,state2,stfips,zip,region,typebldg,floor,room,basement,windoor,rep,stratum,wave,starttm,stoptm,startdt,stopdt,activity,pcterr,adjwt,dupflag,zipflag,cntyfips,county,fips,Uppm,county_code,log_radon
70,5151.0,MN,MN,27.0,56225,5.0,1.0,0.0,4.0,Y, ,1,4.0,21,1300.0,710.0,120287.0,121187.0,7.2,5.3,1088.985661,0.0,0.0,11.0,BIG STONE,27011.0,1.47264,5,1.9878743481543455
71,5152.0,MN,MN,27.0,56225,5.0,1.0,0.0,4.0,Y, ,4,4.0,36,1400.0,1400.0,122887.0,123087.0,5.0,7.3,1177.377355,0.0,0.0,11.0,BIG STONE,27011.0,1.47264,5,1.62924053973028
72,5153.0,MN,MN,27.0,56225,5.0,1.0,0.0,5.0,Y, ,5,4.0,4,2300.0,615.0,30388.0,30388.0,2.6,9.3,1105.956867,0.0,0.0,11.0,BIG STONE,27011.0,1.47264,5,0.9932517730102834
112,5193.0,MN,MN,27.0,56222,5.0,1.0,0.0,2.0,Y, ,1,4.0,32,1430.0,1130.0,10188.0,10188.0,7.7,3.9,1088.985661,0.0,0.0,23.0,CHIPPEWA,27023.0,1.3148,11,2.0541237336955462
113,5194.0,MN,MN,27.0,56265,5.0,1.0,0.0,2.0,Y, ,5,4.0,25,1700.0,1700.0,122687.0,122887.0,1.4,14.0,1105.956867,0.0,0.0,23.0,CHIPPEWA,27023.0,1.3148,11,0.4054651081081644
114,5195.0,MN,MN,27.0,56265,5.0,1.0,0.0,2.0,Y, ,2,4.0,43,1000.0,1000.0,12188.0,12488.0,10.0,3.2,1146.49919,0.0,0.0,23.0,CHIPPEWA,27023.0,1.3148,11,2.312535423847214
115,5196.0,MN,MN,27.0,56265,5.0,1.0,0.0,4.0,Y, ,1,4.0,4,1330.0,1345.0,22788.0,22988.0,9.4,3.7,1088.985661,0.0,0.0,23.0,CHIPPEWA,27023.0,1.3148,11,2.2512917986064953
375,5456.0,MN,MN,27.0,56461,2.0,1.0,1.0,1.0,Y, ,4,3.0,35,700.0,700.0,11388.0,11588.0,2.8,10.8,990.4115539999999,0.0,0.0,57.0,HUBBARD,27057.0,0.66992,27,1.0647107369924282
376,5457.0,MN,MN,27.0,56467,2.0,1.0,1.0,1.0,Y, ,1,3.0,33,900.0,900.0,122087.0,122287.0,0.8,21.1,1024.442902,0.0,0.0,57.0,HUBBARD,27057.0,0.66992,27,-0.10536051565782628
377,5458.0,MN,MN,27.0,56601,2.0,1.0,0.0,2.0,Y, ,3,3.0,26,1830.0,1840.0,121487.0,121687.0,1.5,19.2,1071.318034,0.0,0.0,57.0,HUBBARD,27057.0,0.66992,27,0.47000362924573563
378,5459.0,MN,MN,27.0,56633,2.0,1.0,0.0,4.0,Y, ,3,3.0,40,2230.0,2230.0,12388.0,12588.0,4.6,5.7,1071.318034,0.0,0.0,57.0,HUBBARD,27057.0,0.66992,27,1.5475625087160128
379,5460.0,MN,MN,27.0,56633,2.0,1.0,1.0,2.0,N, ,2,3.0,47,1600.0,1600.0,20288.0,20288.0,3.7,7.0,921.864905,0.0,0.0,57.0,HUBBARD,27057.0,0.66992,27,1.3350010667323402
394,5475.0,MN,MN,27.0,56119,5.0,1.0,0.0,4.0,Y, ,2,4.0,49,1715.0,1447.0,21888.0,22188.0,8.4,3.6,1146.49919,0.0,0.0,63.0,JACKSON,27063.0,1.36209,30,2.1400661634962708
395,5476.0,MN,MN,27.0,56137,5.0,1.0,0.0,4.0,Y, ,4,4.0,41,2000.0,2000.0,11888.0,12088.0,5.0,6.4,1177.377355,0.0,0.0,63.0,JACKSON,27063.0,1.36209,30,1.62924053973028
396,5477.0,MN,MN,27.0,56143,5.0,1.0,0.0,3.0,Y, ,3,4.0,22,900.0,900.0,121887.0,122187.0,2.9,7.6,1214.922779,0.0,0.0,63.0,JACKSON,27063.0,1.36209,30,1.0986122886681098
397,5478.0,MN,MN,27.0,56143,5.0,1.0,0.0,4.0,Y, ,4,4.0,49,1600.0,1750.0,20288.0,20288.0,13.1,3.2,1177.377355,0.0,0.0,63.0,JACKSON,27063.0,1.36209,30,2.580216829592325
398,5479.0,MN,MN,27.0,56150,5.0,1.0,0.0,7.0,Y, ,1,4.0,33,1300.0,1300.0,122787.0,122987.0,15.3,3.9,1088.985661,0.0,0.0,63.0,JACKSON,27063.0,1.36209,30,2.7343675094195836
407,5488.0,MN,MN,27.0,56733,2.0,1.0,0.0,4.0,Y, ,2,1.0,43,1800.0,1800.0,11988.0,12188.0,6.9,5.0,348.042925,0.0,0.0,69.0,KITTSON,27069.0,0.9922270000000001,33,1.9459101490553132
408,5489.0,MN,MN,27.0,56734,2.0,1.0,1.0,3.0,Y, ,5,1.0,48,1330.0,1330.0,20288.0,20288.0,4.5,7.0,348.042925,0.0,0.0,69.0,KITTSON,27069.0,0.9922270000000001,33,1.5260563034950492
409,5490.0,MN,MN,27.0,56743,2.0,1.0,1.0,2.0,N, ,4,1.0,29,1847.0,2230.0,121987.0,122187.0,0.9,36.2,464.057234,0.0,0.0,69.0,KITTSON,27069.0,0.9922270000000001,33,0.0
410,5491.0,MN,MN,27.0,56649,2.0,1.0,0.0,4.0,Y, ,5,2.0,26,2130.0,2235.0,121387.0,121587.0,1.7,19.4,471.36622300000005,0.0,0.0,71.0,KOOCHICHING,27071.0,0.414025,34,0.5877866649021191
411,5492.0,MN,MN,27.0,56649,2.0,1.0,0.0,4.0,Y, ,3,2.0,35,1540.0,700.0,10188.0,10188.0,1.4,16.6,433.316718,0.0,0.0,71.0,KOOCHICHING,27071.0,0.414025,34,0.4054651081081644
412,5493.0,MN,MN,27.0,56649,2.0,1.0,1.0,3.0,N, ,1,2.0,30,700.0,700.0,122887.0,123087.0,2.0,16.4,485.435931,0.0,0.0,71.0,KOOCHICHING,27071.0,0.414025,34,0.7419373447293773
413,5494.0,MN,MN,27.0,56649,2.0,1.0,1.0,3.0,N, ,4,2.0,1,1230.0,1230.0,22388.0,22588.0,1.0,25.2,461.274696,0.0,0.0,71.0,KOOCHICHING,27071.0,0.414025,34,0.09531017980432493
414,5495.0,MN,MN,27.0,56653,2.0,1.0,0.0,2.0,Y, ,3,2.0,24,1630.0,1630.0,121687.0,121887.0,1.0,24.3,433.316718,0.0,0.0,71.0,KOOCHICHING,27071.0,0.414025,34,0.09531017980432493
415,5496.0,MN,MN,27.0,56660,2.0,1.0,1.0,3.0,N, ,3,2.0,34,1000.0,1000.0,122287.0,122487.0,2.8,10.0,433.316718,0.0,0.0,71.0,KOOCHICHING,27071.0,0.414025,34,1.0647107369924282
416,5497.0,MN,MN,27.0,56679,2.0,1.0,1.0,2.0,N, ,2,2.0,43,940.0,940.0,12788.0,12988.0,1.3,16.3,461.62367,0.0,0.0,71.0,KOOCHICHING,27071.0,0.414025,34,0.336472236621213
441,5522.0,MN,MN,27.0,56115,5.0,1.0,0.0,4.0,Y, ,1,4.0,23,1945.0,2230.0,21688.0,21888.0,6.5,7.4,1088.985661,0.0,0.0,83.0,LYON,27083.0,1.48399,40,1.8870696490323797
442,5523.0,MN,MN,27.0,56175,5.0,1.0,1.0,3.0,N, ,2,4.0,29,1100.0,1100.0,121687.0,121887.0,6.9,5.1,1146.49919,0.0,0.0,83.0,LYON,27083.0,1.48399,40,1.9459101490553132
443,5524.0,MN,MN,27.0,56175,5.0,1.0,0.0,7.0,Y, ,4,4.0,31,1100.0,1100.0,122387.0,122587.0,5.1,5.1,1177.377355,0.0,0.0,83.0,LYON,27083.0,1.48399,40,1.6486586255873816
444,5525.0,MN,MN,27.0,56258,5.0,1.0,0.0,4.0,Y, ,3,4.0,21,1700.0,1700.0,120287.0,121087.0,12.0,3.9,1214.922779,0.0,0.0,83.0,LYON,27083.0,1.48399,40,2.4932054526026954
445,5526.0,MN,MN,27.0,56258,5.0,1.0,0.0,4.0,Y, ,2,4.0,26,2000.0,2000.0,121387.0,121587.0,5.1,8.3,1146.49919,0.0,0.0,83.0,LYON,27083.0,1.48399,40,1.6486586255873816
446,5527.0,MN,MN,27.0,56258,5.0,1.0,0.0,2.0,Y, ,1,4.0,1,1900.0,2100.0,30388.0,30388.0,8.9,5.3,1088.985661,0.0,0.0,83.0,LYON,27083.0,1.48399,40,2.1972245773362196
447,5528.0,MN,MN,27.0,56258,5.0,1.0,0.0,2.0,Y, ,5,4.0,1,1100.0,1102.0,22588.0,22788.0,5.8,4.8,1105.956867,0.0,0.0,83.0,LYON,27083.0,1.48399,40,1.7749523509116736
448,5529.0,MN,MN,27.0,56264,5.0,1.0,0.0,4.0,Y, ,1,4.0,28,1600.0,1558.0,121687.0,121887.0,4.6,6.2,1088.985661,0.0,0.0,83.0,LYON,27083.0,1.48399,40,1.5475625087160128
450,5531.0,MN,MN,27.0,56701,2.0,1.0,1.0,3.0,N, ,4,4.0,2,2250.0,2253.0,22588.0,22788.0,1.5,14.1,1177.377355,0.0,0.0,89.0,MARSHALL,27089.0,1.01386,42,0.47000362924573563
451,5532.0,MN,MN,27.0,56710,2.0,1.0,0.0,4.0,Y, ,2,1.0,47,1220.0,1226.0,12688.0,12888.0,23.8,2.2,348.042925,2.0,0.0,89.0,MARSHALL,27089.0,1.01386,42,3.173878458937465
452,5533.0,MN,MN,27.0,56727,2.0,5.0,1.0,3.0,N, ,5,1.0,23,1500.0,1500.0,123087.0,10188.0,0.9,29.7,348.042925,1.0,0.0,89.0,MARSHALL,27089.0,1.01386,42,0.0
453,5534.0,MN,MN,27.0,56738,2.0,1.0,1.0,3.0,N, ,3,1.0,2,1330.0,1330.0,22488.0,22688.0,1.4,15.6,348.042925,0.0,0.0,89.0,MARSHALL,27089.0,1.01386,42,0.4054651081081644
454,5535.0,MN,MN,27.0,56738,2.0,1.0,1.0,3.0,Y, ,2,1.0,3,1300.0,1315.0,22688.0,22888.0,1.1,16.1,348.042925,0.0,0.0,89.0,MARSHALL,27089.0,1.01386,42,0.1823215567939548
455,5536.0,MN,MN,27.0,56757,2.0,1.0,0.0,2.0,Y, ,1,1.0,39,1900.0,1945.0,11788.0,11988.0,2.8,12.9,507.56259900000003,0.0,0.0,89.0,MARSHALL,27089.0,1.01386,42,1.0647107369924282
456,5537.0,MN,MN,27.0,56757,2.0,1.0,0.0,4.0,Y, ,2,1.0,4,1800.0,1515.0,22388.0,22588.0,48.2,1.8,348.042925,2.0,0.0,89.0,MARSHALL,27089.0,1.01386,42,3.8774315606585272
457,5538.0,MN,MN,27.0,56762,2.0,1.0,1.0,3.0,Y, ,1,1.0,35,1815.0,1815.0,122887.0,123087.0,0.9,30.7,507.56259900000003,0.0,0.0,89.0,MARSHALL,27089.0,1.01386,42,0.0
458,5539.0,MN,MN,27.0,56762,2.0,1.0,0.0,4.0,Y, ,5,1.0,47,800.0,1300.0,41288.0,41488.0,8.3,4.2,348.042925,0.0,0.0,89.0,MARSHALL,27089.0,1.01386,42,2.128231705849268
466,5547.0,MN,MN,27.0,55336,5.0,1.0,0.0,2.0,Y, ,4,3.0,34,1630.0,1630.0,122687.0,122887.0,10.3,3.7,990.4115539999999,0.0,0.0,85.0,MCLEOD,27085.0,1.15076,44,2.341805806147327
467,5548.0,MN,MN,27.0,55336,5.0,1.0,0.0,0.0,Y, ,3,3.0,41,600.0,600.0,11988.0,12188.0,3.9,8.3,1071.318034,0.0,0.0,85.0,MCLEOD,27085.0,1.15076,44,1.3862943611198906
468,5549.0,MN,MN,27.0,55336,5.0,1.0,0.0,4.0,Y, ,2,3.0,44,1200.0,1500.0,12188.0,12388.0,1.8,31.1,921.864905,0.0,0.0,85.0,MCLEOD,27085.0,1.15076,44,0.6418538861723948
469,5550.0,MN,MN,27.0,55336,5.0,1.0,0.0,4.0,Y, ,1,3.0,45,1230.0,1230.0,12688.0,12888.0,9.9,6.4,1024.442902,0.0,0.0,85.0,MCLEOD,27085.0,1.15076,44,2.302585092994046
470,5551.0,MN,MN,27.0,55336,5.0,1.0,0.0,4.0,Y, ,5,3.0,3,900.0,900.0,22488.0,22688.0,2.3,12.0,893.2374300000001,0.0,0.0,85.0,MCLEOD,27085.0,1.15076,44,0.8754687373538999
471,5552.0,MN,MN,27.0,55350,5.0,1.0,0.0,2.0,Y, ,2,3.0,30,0.0,0.0,122087.0,122287.0,4.4,11.0,921.864905,0.0,0.0,85.0,MCLEOD,27085.0,1.15076,44,1.5040773967762742
472,5553.0,MN,MN,27.0,55350,5.0,1.0,0.0,4.0,Y, ,5,3.0,34,1630.0,1630.0,122287.0,122487.0,2.8,9.9,893.2374300000001,0.0,0.0,85.0,MCLEOD,27085.0,1.15076,44,1.0647107369924282
473,5554.0,MN,MN,27.0,55350,5.0,1.0,1.0,3.0,Y, ,3,3.0,30,1530.0,1500.0,11088.0,11288.0,1.1,35.3,1071.318034,0.0,0.0,85.0,MCLEOD,27085.0,1.15076,44,0.1823215567939548
474,5555.0,MN,MN,27.0,55350,5.0,1.0,0.0,4.0,Y, ,1,3.0,35,1300.0,1300.0,122787.0,123087.0,1.2,18.2,1024.442902,0.0,0.0,85.0,MCLEOD,27085.0,1.15076,44,0.26236426446749106
475,5556.0,MN,MN,27.0,55350,5.0,2.0,1.0,3.0,Y, ,3,3.0,38,800.0,900.0,11488.0,11688.0,1.6,34.4,1071.318034,0.0,0.0,85.0,MCLEOD,27085.0,1.15076,44,0.5306282510621705
476,5557.0,MN,MN,27.0,55350,5.0,1.0,1.0,3.0,Y, ,4,3.0,39,1100.0,1100.0,11788.0,11988.0,25.4,2.0,990.4115539999999,2.0,0.0,85.0,MCLEOD,27085.0,1.15076,44,3.2386784521643803
477,5558.0,MN,MN,27.0,55350,5.0,1.0,1.0,3.0,Y, ,4,3.0,43,1809.0,1700.0,12088.0,12288.0,0.0,0.0,990.4115539999999,0.0,0.0,85.0,MCLEOD,27085.0,1.15076,44,-2.3025850929940455
478,5559.0,MN,MN,27.0,55350,5.0,1.0,0.0,4.0,Y, ,4,3.0,1,800.0,815.0,31088.0,31288.0,10.6,3.8,990.4115539999999,0.0,0.0,85.0,MCLEOD,27085.0,1.15076,44,2.3702437414678603
484,5565.0,MN,MN,27.0,55371,5.0,1.0,1.0,3.0,Y, ,4,4.0,21,800.0,800.0,121487.0,121687.0,0.5,54.1,1177.377355,0.0,0.0,95.0,MILLE LACS,27095.0,0.8105359999999999,46,-0.5108256237659907
485,5566.0,MN,MN,27.0,56358,5.0,1.0,0.0,0.0,Y, ,2,4.0,37,1700.0,1700.0,122787.0,122987.0,5.7,8.2,1146.49919,0.0,0.0,95.0,MILLE LACS,27095.0,0.8105359999999999,46,1.7578579175523736
495,5576.0,MN,MN,27.0,55909,4.0,1.0,0.0,4.0,Y, ,3,3.0,49,1915.0,2030.0,20288.0,20288.0,10.9,4.0,1071.318034,0.0,0.0,99.0,MOWER,27099.0,1.29814,48,2.3978952727983707
496,5577.0,MN,MN,27.0,55912,4.0,1.0,0.0,2.0,Y, ,1,3.0,29,2100.0,2100.0,121687.0,121887.0,6.4,6.9,1024.442902,0.0,0.0,99.0,MOWER,27099.0,1.29814,48,1.8718021769015913
497,5578.0,MN,MN,27.0,55912,4.0,1.0,0.0,4.0,Y, ,3,3.0,30,1330.0,1500.0,121987.0,122187.0,2.0,10.9,1071.318034,0.0,0.0,99.0,MOWER,27099.0,1.29814,48,0.7419373447293773
498,5579.0,MN,MN,27.0,55912,4.0,1.0,0.0,4.0,Y, ,1,3.0,35,1900.0,1900.0,122887.0,123087.0,3.0,10.9,1024.442902,0.0,0.0,99.0,MOWER,27099.0,1.29814,48,1.1314021114911006
499,5580.0,MN,MN,27.0,55912,4.0,1.0,0.0,0.0,Y, ,5,3.0,42,1400.0,1400.0,11688.0,11888.0,4.5,6.0,893.2374300000001,0.0,0.0,99.0,MOWER,27099.0,1.29814,48,1.5260563034950492
500,5581.0,MN,MN,27.0,55912,4.0,1.0,0.0,2.0,Y, ,5,3.0,50,1845.0,645.0,22188.0,22388.0,2.1,12.8,893.2374300000001,0.0,0.0,99.0,MOWER,27099.0,1.29814,48,0.7884573603642703
501,5582.0,MN,MN,27.0,55912,4.0,0.0,0.0,0.0, , ,1,3.0,4,1800.0,1800.0,22688.0,22888.0,8.0,4.1,1024.442902,0.0,0.0,99.0,MOWER,27099.0,1.29814,48,2.0918640616783932
502,5583.0,MN,MN,27.0,55917,4.0,1.0,1.0,2.0,Y, ,2,3.0,23,1130.0,1230.0,121187.0,121387.0,1.3,18.5,921.864905,0.0,0.0,99.0,MOWER,27099.0,1.29814,48,0.336472236621213
503,5584.0,MN,MN,27.0,55918,4.0,1.0,0.0,4.0,Y, ,5,3.0,33,630.0,630.0,122987.0,123187.0,9.2,4.9,893.2374300000001,0.0,0.0,99.0,MOWER,27099.0,1.29814,48,2.23001440015921
504,5585.0,MN,MN,27.0,55936,4.0,1.0,1.0,3.0,Y, ,1,3.0,33,1300.0,1300.0,122287.0,122487.0,1.1,26.9,1024.442902,0.0,0.0,99.0,MOWER,27099.0,1.29814,48,0.1823215567939548
505,5586.0,MN,MN,27.0,55936,4.0,1.0,0.0,4.0,Y, ,2,3.0,2,900.0,1130.0,30388.0,31088.0,10.6,4.0,921.864905,0.0,0.0,99.0,MOWER,27099.0,1.29814,48,2.3702437414678603
506,5587.0,MN,MN,27.0,55967,4.0,1.0,0.0,7.0,Y, ,5,3.0,29,1625.0,1700.0,121787.0,122087.0,24.0,2.2,893.2374300000001,2.0,0.0,99.0,MOWER,27099.0,1.29814,48,3.1822118404966093
507,5588.0,MN,MN,27.0,55982,4.0,1.0,0.0,4.0,Y, ,2,3.0,1,1030.0,1030.0,22788.0,22988.0,9.1,3.4,921.864905,0.0,0.0,99.0,MOWER,27099.0,1.29814,48,2.2192034840549946
542,5623.0,MN,MN,27.0,56515,2.0,1.0,0.0,4.0,Y, ,2,3.0,29,1230.0,1230.0,122587.0,122887.0,2.7,27.4,921.864905,0.0,0.0,111.0,OTTER TAIL,27111.0,0.814867,54,1.0296194171811583
543,5624.0,MN,MN,27.0,56515,2.0,1.0,1.0,3.0,N, ,3,3.0,35,700.0,700.0,21988.0,22188.0,1.1,49.1,1071.318034,0.0,0.0,111.0,OTTER TAIL,27111.0,0.814867,54,0.1823215567939548
544,5625.0,MN,MN,27.0,56537,2.0,1.0,1.0,3.0,Y, ,5,3.0,30,2030.0,2230.0,21088.0,21288.0,2.1,18.7,893.2374300000001,0.0,0.0,111.0,OTTER TAIL,27111.0,0.814867,54,0.7884573603642703
545,5626.0,MN,MN,27.0,56537,2.0,1.0,0.0,4.0,Y, ,5,3.0,46,2100.0,2110.0,20288.0,20288.0,12.0,3.1,893.2374300000001,0.0,0.0,111.0,OTTER TAIL,27111.0,0.814867,54,2.4932054526026954
546,5627.0,MN,MN,27.0,56567,2.0,1.0,1.0,3.0,N, ,2,3.0,32,800.0,800.0,122887.0,123087.0,12.6,3.7,921.864905,0.0,0.0,111.0,OTTER TAIL,27111.0,0.814867,54,2.5416019934645457
547,5628.0,MN,MN,27.0,56572,2.0,1.0,0.0,4.0,Y, ,3,3.0,24,700.0,700.0,121387.0,121587.0,3.2,7.0,1071.318034,0.0,0.0,111.0,OTTER TAIL,27111.0,0.814867,54,1.1939224684724346
548,5629.0,MN,MN,27.0,56586,2.0,1.0,0.0,4.0,Y, ,1,3.0,38,900.0,900.0,122887.0,123087.0,4.2,7.6,1024.442902,0.0,0.0,111.0,OTTER TAIL,27111.0,0.814867,54,1.4586150226995167
549,5630.0,MN,MN,27.0,56588,2.0,1.0,0.0,7.0,Y, ,1,3.0,40,645.0,745.0,12188.0,12388.0,3.8,8.7,1024.442902,0.0,0.0,111.0,OTTER TAIL,27111.0,0.814867,54,1.3609765531356006
559,5640.0,MN,MN,27.0,56144,5.0,1.0,0.0,4.0,Y, ,1,3.0,22,740.0,746.0,120287.0,121187.0,9.4,4.4,1024.442902,0.0,0.0,117.0,PIPESTONE,27117.0,1.61382,57,2.2512917986064953
560,5641.0,MN,MN,27.0,56164,5.0,2.0,0.0,4.0,Y, ,5,3.0,23,1025.0,1025.0,121287.0,121487.0,1.7,11.6,893.2374300000001,0.0,0.0,117.0,PIPESTONE,27117.0,1.61382,57,0.5877866649021191
561,5642.0,MN,MN,27.0,56164,5.0,2.0,0.0,4.0,Y, ,2,3.0,31,1845.0,1844.0,10188.0,10188.0,12.1,3.3,921.864905,0.0,0.0,117.0,PIPESTONE,27117.0,1.61382,57,2.501435951739211
562,5643.0,MN,MN,27.0,56164,5.0,1.0,1.0,3.0,Y, ,4,3.0,41,1900.0,1930.0,11988.0,12188.0,4.3,7.0,990.4115539999999,0.0,0.0,117.0,PIPESTONE,27117.0,1.61382,57,1.4816045409242153
657,5738.0,MN,MN,27.0,55366,5.0,1.0,0.0,4.0,Y, ,1,4.0,21,945.0,945.0,120287.0,121087.0,4.0,8.0,1088.985661,1.0,0.0,143.0,SIBLEY,27143.0,1.2677100000000001,68,1.410986973710262
658,5739.0,MN,MN,27.0,55396,5.0,1.0,0.0,7.0,Y, ,5,4.0,21,800.0,800.0,121487.0,121687.0,5.0,7.7,1105.956867,0.0,0.0,143.0,SIBLEY,27143.0,1.2677100000000001,68,1.62924053973028
659,5740.0,MN,MN,27.0,56044,5.0,1.0,0.0,4.0,Y, ,4,4.0,33,1410.0,1410.0,122887.0,123087.0,1.5,20.0,1177.377355,0.0,0.0,143.0,SIBLEY,27143.0,1.2677100000000001,68,0.47000362924573563
660,5741.0,MN,MN,27.0,56044,5.0,1.0,0.0,4.0,Y, ,1,4.0,47,1735.0,1735.0,20288.0,20288.0,4.8,6.6,1088.985661,0.0,0.0,143.0,SIBLEY,27143.0,1.2677100000000001,68,1.5892352051165808
777,5858.0,MN,MN,27.0,55320,2.0,1.0,0.0,1.0,N, ,1,4.0,44,2215.0,2240.0,12688.0,12888.0,7.5,4.7,1088.985661,0.0,0.0,145.0,STEARNS,27145.0,1.12344,70,2.028148247292285
778,5859.0,MN,MN,27.0,56301,2.0,1.0,0.0,7.0,Y, ,1,3.0,22,1900.0,2150.0,120287.0,121087.0,6.4,5.1,1024.442902,0.0,0.0,145.0,STEARNS,27145.0,1.12344,70,1.8718021769015913
779,5860.0,MN,MN,27.0,56301,2.0,1.0,0.0,4.0,Y, ,2,3.0,22,2230.0,2230.0,120287.0,121187.0,8.3,4.2,921.864905,0.0,0.0,145.0,STEARNS,27145.0,1.12344,70,2.128231705849268
780,5861.0,MN,MN,27.0,56301,2.0,1.0,0.0,3.0,N, ,2,3.0,24,1959.0,1959.0,121387.0,121587.0,2.1,9.2,921.864905,0.0,0.0,145.0,STEARNS,27145.0,1.12344,70,0.7884573603642703
781,5862.0,MN,MN,27.0,56301,2.0,1.0,0.0,4.0,Y, ,1,3.0,32,930.0,1530.0,122087.0,122287.0,3.3,11.2,1024.442902,0.0,0.0,145.0,STEARNS,27145.0,1.12344,70,1.2237754316221157
782,5863.0,MN,MN,27.0,56301,2.0,1.0,0.0,2.0,Y, ,2,3.0,35,1155.0,1150.0,123187.0,10188.0,1.3,16.0,921.864905,0.0,0.0,145.0,STEARNS,27145.0,1.12344,70,0.336472236621213
783,5864.0,MN,MN,27.0,56301,2.0,1.0,0.0,4.0,Y, ,4,3.0,26,930.0,1200.0,122787.0,122987.0,5.0,7.4,990.4115539999999,0.0,0.0,145.0,STEARNS,27145.0,1.12344,70,1.62924053973028
784,5865.0,MN,MN,27.0,56301,2.0,1.0,1.0,3.0,Y, ,4,3.0,37,1130.0,1030.0,122787.0,122987.0,1.0,18.3,990.4115539999999,1.0,0.0,145.0,STEARNS,27145.0,1.12344,70,0.09531017980432493
785,5866.0,MN,MN,27.0,56303,2.0,1.0,0.0,4.0,Y, ,2,3.0,27,740.0,827.0,122187.0,122387.0,7.0,5.9,921.864905,0.0,0.0,145.0,STEARNS,27145.0,1.12344,70,1.9600947840472698
786,5867.0,MN,MN,27.0,56303,2.0,1.0,0.0,2.0,Y, ,1,3.0,34,845.0,845.0,10188.0,10188.0,5.7,5.9,1024.442902,0.0,0.0,145.0,STEARNS,27145.0,1.12344,70,1.7578579175523736
787,5868.0,MN,MN,27.0,56303,2.0,1.0,0.0,7.0, , ,1,3.0,49,800.0,800.0,20288.0,20288.0,10.1,3.6,1024.442902,0.0,0.0,145.0,STEARNS,27145.0,1.12344,70,2.322387720290225
788,5869.0,MN,MN,27.0,56303,2.0,1.0,0.0,2.0,Y, ,3,3.0,49,1530.0,1530.0,20288.0,20288.0,6.6,5.2,1071.318034,1.0,0.0,145.0,STEARNS,27145.0,1.12344,70,1.9021075263969203
789,5870.0,MN,MN,27.0,56303,2.0,1.0,1.0,5.0,Y, ,3,3.0,3,1600.0,1600.0,31288.0,31488.0,2.6,17.0,1071.318034,0.0,0.0,145.0,STEARNS,27145.0,1.12344,70,0.9932517730102834
790,5871.0,MN,MN,27.0,56307,2.0,1.0,0.0,4.0,Y, ,1,3.0,30,752.0,752.0,122687.0,122887.0,3.3,6.9,1024.442902,0.0,0.0,145.0,STEARNS,27145.0,1.12344,70,1.2237754316221157
791,5872.0,MN,MN,27.0,56307,2.0,1.0,1.0,3.0,Y, ,2,3.0,33,2200.0,2245.0,122787.0,122987.0,1.5,21.6,921.864905,0.0,0.0,145.0,STEARNS,27145.0,1.12344,70,0.47000362924573563
792,5873.0,MN,MN,27.0,56310,2.0,1.0,0.0,4.0,Y, ,2,3.0,28,903.0,927.0,121987.0,122187.0,5.0,5.6,921.864905,0.0,0.0,145.0,STEARNS,27145.0,1.12344,70,1.62924053973028
793,5874.0,MN,MN,27.0,56310,2.0,1.0,0.0,4.0,Y, ,5,3.0,48,1800.0,1800.0,20288.0,20288.0,7.4,4.3,893.2374300000001,0.0,0.0,145.0,STEARNS,27145.0,1.12344,70,2.0149030205422647
794,5875.0,MN,MN,27.0,56320,2.0,1.0,0.0,2.0,Y, ,5,3.0,32,2100.0,2100.0,122187.0,122387.0,14.5,3.5,893.2374300000001,1.0,0.0,145.0,STEARNS,27145.0,1.12344,70,2.681021528714291
795,5876.0,MN,MN,27.0,56320,2.0,1.0,0.0,3.0,Y, ,4,3.0,25,2230.0,2230.0,122887.0,123087.0,1.8,13.8,990.4115539999999,0.0,0.0,145.0,STEARNS,27145.0,1.12344,70,0.6418538861723948
796,5877.0,MN,MN,27.0,56320,2.0,1.0,0.0,2.0,Y, ,1,3.0,40,1940.0,2015.0,11688.0,11888.0,7.4,4.9,1024.442902,0.0,0.0,145.0,STEARNS,27145.0,1.12344,70,2.0149030205422647
797,5878.0,MN,MN,27.0,56340,2.0,1.0,0.0,4.0,Y, ,2,3.0,48,2330.0,2330.0,40488.0,40488.0,2.6,8.5,921.864905,0.0,0.0,145.0,STEARNS,27145.0,1.12344,70,0.9932517730102834
798,5879.0,MN,MN,27.0,56368,2.0,1.0,0.0,4.0,Y, ,5,4.0,27,845.0,845.0,11888.0,12088.0,3.7,9.9,1105.956867,0.0,0.0,145.0,STEARNS,27145.0,1.12344,70,1.3350010667323402
799,5880.0,MN,MN,27.0,56374,2.0,1.0,0.0,2.0,N, ,5,3.0,23,730.0,700.0,121287.0,121487.0,1.9,9.5,893.2374300000001,0.0,0.0,145.0,STEARNS,27145.0,1.12344,70,0.6931471805599453
800,5881.0,MN,MN,27.0,56378,2.0,1.0,1.0,3.0,Y, ,5,3.0,40,1930.0,1930.0,11688.0,11888.0,2.2,10.2,893.2374300000001,0.0,0.0,145.0,STEARNS,27145.0,1.12344,70,0.8329091229351041
801,5882.0,MN,MN,27.0,56379,2.0,1.0,0.0,4.0,Y, ,3,3.0,1,1955.0,2205.0,22388.0,22588.0,5.0,6.8,1071.318034,0.0,0.0,145.0,STEARNS,27145.0,1.12344,70,1.62924053973028
832,5913.0,MN,MN,27.0,56464,2.0,1.0,0.0,4.0,Y, ,2,3.0,48,1800.0,1900.0,41788.0,41988.0,2.9,7.4,921.864905,0.0,0.0,159.0,WADENA,27159.0,0.510671,77,1.0986122886681098
833,5914.0,MN,MN,27.0,56479,2.0,1.0,1.0,3.0,Y, ,4,3.0,36,1215.0,1630.0,122687.0,122887.0,0.7,25.4,990.4115539999999,0.0,0.0,159.0,WADENA,27159.0,0.510671,77,-0.22314355131420985
834,5915.0,MN,MN,27.0,56481,2.0,1.0,1.0,3.0,N, ,3,3.0,29,1000.0,1000.0,121987.0,122187.0,3.2,7.8,1071.318034,0.0,0.0,159.0,WADENA,27159.0,0.510671,77,1.1939224684724346
835,5916.0,MN,MN,27.0,56482,2.0,1.0,0.0,4.0,Y, ,2,3.0,28,1000.0,1000.0,122087.0,122287.0,4.7,8.9,921.864905,0.0,0.0,159.0,WADENA,27159.0,0.510671,77,1.5686159179138452
836,5917.0,MN,MN,27.0,56482,2.0,1.0,0.0,4.0,Y, ,3,3.0,49,815.0,930.0,20288.0,20288.0,4.8,5.8,1071.318034,1.0,0.0,159.0,WADENA,27159.0,0.510671,77,1.5892352051165808
841,5922.0,MN,MN,27.0,55016,3.0,1.0,0.0,7.0,Y, ,4,2.0,22,2000.0,2000.0,120287.0,121087.0,10.2,3.9,461.274696,0.0,0.0,163.0,WASHINGTON,27163.0,0.862876,79,2.33214389523559
842,5923.0,MN,MN,27.0,55016,3.0,1.0,0.0,1.0,Y, ,3,2.0,23,1030.0,30.0,122187.0,122387.0,7.7,5.8,433.316718,0.0,0.0,163.0,WASHINGTON,27163.0,0.862876,79,2.0541237336955462
843,5924.0,MN,MN,27.0,55016,3.0,1.0,0.0,4.0,Y, ,4,2.0,24,930.0,930.0,121387.0,121587.0,2.2,9.6,461.274696,0.0,0.0,163.0,WASHINGTON,27163.0,0.862876,79,0.8329091229351041
844,5925.0,MN,MN,27.0,55016,3.0,1.0,0.0,4.0,Y, ,4,2.0,28,1330.0,1830.0,121287.0,121487.0,6.5,4.3,461.274696,0.0,0.0,163.0,WASHINGTON,27163.0,0.862876,79,1.8870696490323797
845,5926.0,MN,MN,27.0,55016,3.0,1.0,0.0,4.0,Y, ,2,2.0,31,2130.0,2130.0,121987.0,122187.0,12.2,2.9,461.62367,0.0,0.0,163.0,WASHINGTON,27163.0,0.862876,79,2.5095992623783716
846,5927.0,MN,MN,27.0,55016,3.0,1.0,0.0,7.0,Y, ,3,2.0,34,1715.0,1705.0,122687.0,122887.0,4.6,5.5,433.316718,0.0,0.0,163.0,WASHINGTON,27163.0,0.862876,79,1.5475625087160128
847,5928.0,MN,MN,27.0,55016,3.0,1.0,0.0,0.0,Y, ,3,2.0,49,1030.0,1130.0,20288.0,20288.0,6.2,4.4,433.316718,0.0,0.0,163.0,WASHINGTON,27163.0,0.862876,79,1.840549633397487
848,5929.0,MN,MN,27.0,55016,3.0,1.0,0.0,2.0,N, ,3,2.0,3,2015.0,2100.0,31888.0,32088.0,6.5,4.4,433.316718,0.0,0.0,163.0,WASHINGTON,27163.0,0.862876,79,1.8870696490323797
849,5930.0,MN,MN,27.0,55025,3.0,1.0,0.0,2.0,Y, ,1,2.0,23,900.0,900.0,121987.0,122187.0,2.8,8.9,485.435931,0.0,0.0,163.0,WASHINGTON,27163.0,0.862876,79,1.0647107369924282
850,5931.0,MN,MN,27.0,55025,3.0,1.0,0.0,7.0, , ,1,2.0,33,800.0,804.0,122087.0,122287.0,1.9,10.5,485.435931,0.0,0.0,163.0,WASHINGTON,27163.0,0.862876,79,0.6931471805599453
851,5932.0,MN,MN,27.0,55025,3.0,1.0,1.0,7.0,Y, ,5,2.0,28,2000.0,2010.0,11988.0,12188.0,1.2,19.7,471.36622300000005,1.0,0.0,163.0,WASHINGTON,27163.0,0.862876,79,0.26236426446749106
852,5933.0,MN,MN,27.0,55025,3.0,1.0,0.0,7.0,Y, ,2,2.0,39,2030.0,2030.0,12688.0,12888.0,2.4,9.5,461.62367,0.0,0.0,163.0,WASHINGTON,27163.0,0.862876,79,0.9162907318741551
853,5934.0,MN,MN,27.0,55025,3.0,1.0,0.0,7.0,Y, ,1,2.0,44,1730.0,1730.0,12288.0,12488.0,1.0,20.1,485.435931,0.0,0.0,163.0,WASHINGTON,27163.0,0.862876,79,0.09531017980432493
854,5935.0,MN,MN,27.0,55025,3.0,0.0,1.0,0.0, , ,1,2.0,47,1245.0,1900.0,20288.0,20288.0,1.2,19.3,485.435931,0.0,0.0,163.0,WASHINGTON,27163.0,0.862876,79,0.26236426446749106
855,5936.0,MN,MN,27.0,55038,3.0,2.0,0.0,2.0,Y, ,5,2.0,32,1758.0,2017.0,122087.0,122287.0,1.6,19.7,471.36622300000005,0.0,0.0,163.0,WASHINGTON,27163.0,0.862876,79,0.5306282510621705
856,5937.0,MN,MN,27.0,55038,3.0,1.0,0.0,2.0,Y, ,1,2.0,33,1400.0,1420.0,122687.0,122887.0,0.8,22.0,485.435931,0.0,0.0,163.0,WASHINGTON,27163.0,0.862876,79,-0.10536051565782628
857,5938.0,MN,MN,27.0,55038,3.0,1.0,0.0,7.0,Y, ,2,2.0,1,1640.0,1930.0,22788.0,22988.0,1.7,12.8,461.62367,0.0,0.0,163.0,WASHINGTON,27163.0,0.862876,79,0.5877866649021191
858,5939.0,MN,MN,27.0,55042,3.0,1.0,0.0,4.0,Y, ,3,2.0,25,930.0,930.0,123087.0,10188.0,4.7,8.0,433.316718,0.0,0.0,163.0,WASHINGTON,27163.0,0.862876,79,1.5686159179138452
859,5940.0,MN,MN,27.0,55042,3.0,1.0,1.0,7.0,N, ,2,2.0,26,1200.0,1200.0,122187.0,122387.0,1.7,18.2,461.62367,1.0,0.0,163.0,WASHINGTON,27163.0,0.862876,79,0.5877866649021191
860,5941.0,MN,MN,27.0,55042,3.0,1.0,0.0,4.0,Y, ,5,2.0,41,1100.0,1100.0,22488.0,22688.0,3.3,6.9,471.36622300000005,0.0,0.0,163.0,WASHINGTON,27163.0,0.862876,79,1.2237754316221157
861,5942.0,MN,MN,27.0,55042,3.0,1.0,1.0,3.0,Y, ,2,2.0,4,1900.0,1900.0,31488.0,31688.0,0.8,38.1,461.62367,0.0,0.0,163.0,WASHINGTON,27163.0,0.862876,79,-0.10536051565782628
862,5943.0,MN,MN,27.0,55043,3.0,1.0,0.0,4.0,Y, ,1,2.0,27,1445.0,1445.0,10188.0,10188.0,9.8,3.5,485.435931,0.0,0.0,163.0,WASHINGTON,27163.0,0.862876,79,2.2925347571405443
863,5944.0,MN,MN,27.0,55043,3.0,1.0,0.0,4.0,Y, ,4,2.0,43,1700.0,2030.0,12188.0,12388.0,5.3,6.6,461.274696,1.0,0.0,163.0,WASHINGTON,27163.0,0.862876,79,1.6863989535702286
864,5945.0,MN,MN,27.0,55043,3.0,1.0,0.0,2.0,Y, ,4,2.0,41,1015.0,1105.0,12988.0,13188.0,8.5,3.9,461.274696,0.0,0.0,163.0,WASHINGTON,27163.0,0.862876,79,2.151762203259462
865,5946.0,MN,MN,27.0,55047,3.0,1.0,0.0,4.0, , ,5,2.0,42,1630.0,730.0,20288.0,20288.0,1.9,10.1,471.36622300000005,0.0,0.0,163.0,WASHINGTON,27163.0,0.862876,79,0.6931471805599453
866,5947.0,MN,MN,27.0,55071,3.0,1.0,0.0,2.0,Y, ,5,2.0,41,1750.0,1115.0,12688.0,13088.0,6.6,3.8,471.36622300000005,0.0,0.0,163.0,WASHINGTON,27163.0,0.862876,79,1.9021075263969203
867,5948.0,MN,MN,27.0,55071,3.0,1.0,0.0,4.0,Y, ,3,2.0,47,1400.0,1400.0,20288.0,20288.0,3.8,6.0,433.316718,0.0,0.0,163.0,WASHINGTON,27163.0,0.862876,79,1.3609765531356006
868,5949.0,MN,MN,27.0,55073,3.0,1.0,0.0,4.0,Y, ,4,2.0,4,245.0,245.0,30388.0,31188.0,5.9,5.4,461.274696,0.0,0.0,163.0,WASHINGTON,27163.0,0.862876,79,1.791759469228055
869,5950.0,MN,MN,27.0,55082,3.0,0.0,0.0,0.0, , ,5,2.0,29,1745.0,1745.0,121687.0,121887.0,4.9,6.5,471.36622300000005,0.0,0.0,163.0,WASHINGTON,27163.0,0.862876,79,1.6094379124341003
870,5951.0,MN,MN,27.0,55082,3.0,1.0,1.0,3.0,Y, ,4,2.0,30,1519.0,1719.0,121987.0,122187.0,2.5,8.9,461.274696,0.0,0.0,163.0,WASHINGTON,27163.0,0.862876,79,0.9555114450274363
871,5952.0,MN,MN,27.0,55082,3.0,1.0,0.0,4.0,Y, ,5,2.0,30,1500.0,1500.0,122087.0,122287.0,10.7,5.1,471.36622300000005,0.0,0.0,163.0,WASHINGTON,27163.0,0.862876,79,2.379546134130174
872,5953.0,MN,MN,27.0,55082,3.0,1.0,0.0,4.0,Y, ,4,2.0,32,1430.0,1415.0,121987.0,122187.0,2.4,10.0,461.274696,0.0,0.0,163.0,WASHINGTON,27163.0,0.862876,79,0.9162907318741551
873,5954.0,MN,MN,27.0,55082,3.0,1.0,0.0,4.0,Y, ,5,2.0,33,800.0,800.0,123187.0,10188.0,2.1,12.8,471.36622300000005,0.0,0.0,163.0,WASHINGTON,27163.0,0.862876,79,0.7884573603642703
874,5955.0,MN,MN,27.0,55082,3.0,1.0,0.0,4.0,Y, ,1,2.0,36,1730.0,1730.0,10188.0,11188.0,4.7,5.8,485.435931,0.0,0.0,163.0,WASHINGTON,27163.0,0.862876,79,1.5686159179138452
875,5956.0,MN,MN,27.0,55082,3.0,1.0,0.0,2.0,Y, ,5,2.0,37,800.0,800.0,11188.0,11388.0,3.7,6.4,471.36622300000005,0.0,0.0,163.0,WASHINGTON,27163.0,0.862876,79,1.3350010667323402
876,5957.0,MN,MN,27.0,55082,3.0,1.0,0.0,2.0,Y, ,1,2.0,45,1730.0,1830.0,12088.0,12288.0,13.4,3.1,485.435931,0.0,0.0,163.0,WASHINGTON,27163.0,0.862876,79,2.6026896854443837
877,5958.0,MN,MN,27.0,55082,3.0,1.0,0.0,0.0,Y, ,4,2.0,48,1720.0,1720.0,20288.0,20288.0,2.9,8.7,461.274696,0.0,0.0,163.0,WASHINGTON,27163.0,0.862876,79,1.0986122886681098
878,5959.0,MN,MN,27.0,55082,3.0,1.0,0.0,4.0,Y, ,3,2.0,50,1754.0,1725.0,22888.0,30388.0,4.3,6.0,433.316718,0.0,0.0,163.0,WASHINGTON,27163.0,0.862876,79,1.4816045409242153
879,5960.0,MN,MN,27.0,55082,3.0,1.0,0.0,4.0,Y, ,5,2.0,50,2102.0,2104.0,20288.0,20288.0,3.8,6.6,471.36622300000005,0.0,0.0,163.0,WASHINGTON,27163.0,0.862876,79,1.3609765531356006
880,5961.0,MN,MN,27.0,55082,3.0,1.0,0.0,3.0,Y, ,4,2.0,2,1500.0,1600.0,22488.0,22888.0,1.8,10.1,461.274696,0.0,0.0,163.0,WASHINGTON,27163.0,0.862876,79,0.6418538861723948
881,5962.0,MN,MN,27.0,55115,3.0,1.0,0.0,4.0,Y, ,2,5.0,33,1825.0,1905.0,122687.0,122887.0,1.5,26.5,2246.96884,1.0,0.0,163.0,WASHINGTON,27163.0,0.862876,79,0.47000362924573563
882,5963.0,MN,MN,27.0,55119,3.0,1.0,0.0,2.0,Y, ,1,5.0,30,1900.0,1900.0,121987.0,122187.0,1.8,10.8,2116.561544,0.0,0.0,163.0,WASHINGTON,27163.0,0.862876,79,0.6418538861723948
883,5964.0,MN,MN,27.0,55119,3.0,1.0,0.0,2.0,Y, ,3,5.0,33,2245.0,2245.0,123087.0,10188.0,1.3,24.0,2119.396234,0.0,0.0,163.0,WASHINGTON,27163.0,0.862876,79,0.336472236621213
884,5965.0,MN,MN,27.0,55119,3.0,1.0,0.0,2.0,Y, ,5,5.0,41,1830.0,1830.0,11888.0,12088.0,6.6,5.8,2179.503255,0.0,0.0,163.0,WASHINGTON,27163.0,0.862876,79,1.9021075263969203
885,5966.0,MN,MN,27.0,55125,3.0,1.0,0.0,4.0,Y, ,2,5.0,24,1748.0,1749.0,121287.0,121487.0,20.4,2.3,2246.96884,2.0,0.0,163.0,WASHINGTON,27163.0,0.862876,79,3.0204248861443626
886,5967.0,MN,MN,27.0,55125,3.0,1.0,0.0,7.0,Y, ,5,5.0,35,2300.0,2300.0,122787.0,122987.0,6.0,6.9,2179.503255,1.0,0.0,163.0,WASHINGTON,27163.0,0.862876,79,1.8082887711792655
887,5968.0,MN,MN,27.0,56062,5.0,1.0,0.0,4.0,Y, ,1,4.0,40,1000.0,1000.0,11988.0,12188.0,13.8,3.3,1088.985661,0.0,0.0,165.0,WATONWAN,27165.0,1.2011,80,2.631888840136646
888,5969.0,MN,MN,27.0,56088,5.0,1.0,1.0,4.0,Y, ,3,4.0,37,1000.0,1030.0,12388.0,12588.0,10.2,3.5,1214.922779,0.0,0.0,165.0,WATONWAN,27165.0,1.2011,80,2.33214389523559
889,5970.0,MN,MN,27.0,56120,5.0,1.0,1.0,3.0,Y, ,3,4.0,45,1315.0,1315.0,12688.0,12888.0,5.7,5.3,1214.922779,0.0,0.0,165.0,WATONWAN,27165.0,1.2011,80,1.7578579175523736
904,5985.0,MN,MN,27.0,55313,5.0,1.0,0.0,1.0,Y, ,3,4.0,31,1746.0,1800.0,122687.0,122887.0,6.7,12.0,1214.922779,0.0,0.0,171.0,WRIGHT,27171.0,0.913909,83,1.916922612182061
905,5986.0,MN,MN,27.0,55313,5.0,1.0,0.0,1.0,Y, ,2,4.0,30,845.0,845.0,12788.0,12988.0,5.3,6.2,1146.49919,0.0,0.0,171.0,WRIGHT,27171.0,0.913909,83,1.6863989535702286
906,5987.0,MN,MN,27.0,55313,5.0,1.0,0.0,2.0,Y, ,5,4.0,3,1235.0,1235.0,22388.0,22588.0,3.1,10.8,1105.956867,0.0,0.0,171.0,WRIGHT,27171.0,0.913909,83,1.1631508098056809
907,5988.0,MN,MN,27.0,55321,5.0,1.0,0.0,4.0,Y, ,5,4.0,22,800.0,800.0,122087.0,122287.0,2.1,16.0,1105.956867,0.0,0.0,171.0,WRIGHT,27171.0,0.913909,83,0.7884573603642703
908,5989.0,MN,MN,27.0,55321,5.0,1.0,0.0,2.0,Y, ,1,4.0,39,1720.0,1734.0,11688.0,11888.0,7.3,4.2,1088.985661,0.0,0.0,171.0,WRIGHT,27171.0,0.913909,83,2.001480000210124
909,5990.0,MN,MN,27.0,55341,5.0,1.0,0.0,2.0,Y, ,5,4.0,30,2100.0,2100.0,122187.0,122387.0,5.1,6.9,1105.956867,0.0,0.0,171.0,WRIGHT,27171.0,0.913909,83,1.6486586255873816
910,5991.0,MN,MN,27.0,55349,5.0,1.0,0.0,4.0,Y, ,3,4.0,30,945.0,1125.0,122687.0,122887.0,2.2,11.2,1214.922779,0.0,0.0,171.0,WRIGHT,27171.0,0.913909,83,0.8329091229351041
911,5992.0,MN,MN,27.0,55358,5.0,1.0,1.0,7.0,Y, ,4,4.0,24,1150.0,900.0,122387.0,122687.0,2.3,12.3,1177.377355,0.0,0.0,171.0,WRIGHT,27171.0,0.913909,83,0.8754687373538999
912,5993.0,MN,MN,27.0,55362,5.0,1.0,0.0,5.0,Y, ,3,4.0,23,1600.0,1600.0,121287.0,121487.0,15.9,3.0,1214.922779,0.0,0.0,171.0,WRIGHT,27171.0,0.913909,83,2.772588722239781
913,5994.0,MN,MN,27.0,55362,5.0,1.0,0.0,4.0,Y, ,3,4.0,39,1510.0,1522.0,11688.0,11888.0,9.5,3.6,1214.922779,0.0,0.0,171.0,WRIGHT,27171.0,0.913909,83,2.2617630984737906
914,5995.0,MN,MN,27.0,55363,5.0,1.0,0.0,4.0,Y, ,2,4.0,37,1630.0,1730.0,122687.0,122887.0,6.4,4.5,1146.49919,0.0,0.0,171.0,WRIGHT,27171.0,0.913909,83,1.8718021769015913
915,5996.0,MN,MN,27.0,55376,5.0,1.0,0.0,7.0,Y, ,5,4.0,28,615.0,700.0,121787.0,121987.0,4.5,8.3,1105.956867,0.0,0.0,171.0,WRIGHT,27171.0,0.913909,83,1.5260563034950492
916,5997.0,MN,MN,27.0,55376,5.0,1.0,0.0,4.0,Y, ,3,4.0,46,1045.0,1045.0,12888.0,13088.0,5.0,5.2,1214.922779,0.0,0.0,171.0,WRIGHT,27171.0,0.913909,83,1.62924053973028
917,5998.0,MN,MN,27.0,56297,5.0,1.0,0.0,4.0,Y, ,4,4.0,27,940.0,940.0,122887.0,123087.0,3.7,9.6,1177.377355,0.0,0.0,173.0,YELLOW MEDICINE,27173.0,1.42659,84,1.3350010667323402
918,5999.0,MN,MN,27.0,56297,5.0,1.0,0.0,4.0,Y, ,3,4.0,31,2100.0,800.0,21088.0,21388.0,2.9,8.0,1214.922779,0.0,0.0,173.0,YELLOW MEDICINE,27173.0,1.42659,84,1.0986122886681098
